movie_id,title,release_date,release_year,release_month,studio,genre,ip_type,franchise,production_budget,worldwide_gross,runtime,audience_score,vote_count,popularity,has_financial_data,estimated_break_even,profitability_ratio,hit_status,budget_tier,release_era
262500,Insurgent,3/18/2015,2015,3,"Summit Entertainment, Red Wagon Entertainment, Mandeville Films","Action, Science Fiction, Thriller",Sequel,Divergent,110000000,297002527,119,6.36,10451,7.29,TRUE,275000000,1.08,Break Even,Standard Blockbuster,Pre-COVID
131634,The Hunger Games: Mockingjay - Part 2,11/18/2015,2015,11,"Lionsgate, Color Force, Studio Babelsberg","Action, Adventure, Science Fiction",Sequel,The Hunger Games,160000000,653428261,137,6.9,13356,7.52,TRUE,400000000,1.63,Major Hit,High Budget,Pre-COVID
135397,Jurassic World,6/6/2015,2015,6,"Amblin Entertainment, Universal Pictures, Legendary Pictures","Adventure, Science Fiction, Thriller",Sequel,Jurassic Park,150000000,1671537444,124,6.7,21608,13.02,TRUE,375000000,4.46,Major Hit,High Budget,Pre-COVID
266647,Pan,9/24/2015,2015,9,"Moving Picture Company, Berlanti Productions, RatPac Entertainment, Warner Bros. Pictures, Isobel Griffiths, Prime Focus","Fantasy, Adventure, Family, Action",Adaptation,Peter Pan,150000000,128388320,111,6,2852,3.67,TRUE,375000000,0.34,Miss,High Budget,Pre-COVID
140607,Star Wars: The Force Awakens,12/15/2015,2015,12,"Lucasfilm Ltd., Bad Robot","Adventure, Action, Science Fiction",Sequel,Star Wars,245000000,2068223624,136,7.25,20570,10.92,TRUE,612500000,3.38,Major Hit,High Budget,Pre-COVID
150540,Inside Out,6/17/2015,2015,6,Pixar,"Animation, Family, Adventure, Drama, Comedy",Original,Inside Out,175000000,857611174,95,7.91,23494,25.21,TRUE,437500000,1.96,Major Hit,High Budget,Pre-COVID
281957,The Revenant,12/25/2015,2015,12,"Monarchy Enterprises S.a.r.l., Regency Enterprises, Appian Way, CatchPlay, Anonymous Content, New Regency Pictures, Hong Kong Alpha Motion Pictures Co., M Productions, RatPac Entertainment","Western, Drama, Adventure",Adaptation,None,135000000,532950503,157,7.54,19351,11.87,TRUE,337500000,1.58,Hit,Standard Blockbuster,Pre-COVID
286217,The Martian,9/30/2015,2015,9,"Genre Films, TSG Entertainment, 20th Century Fox, Scott Free Productions","Science Fiction, Drama, Adventure",Adaptation,None,108000000,631058917,141,7.7,21263,15.26,TRUE,270000000,2.34,Major Hit,Standard Blockbuster,Pre-COVID
158852,Tomorrowland,5/19/2015,2015,5,"Walt Disney Pictures, A113","Adventure, Family, Mystery, Science Fiction",Original,None,190000000,209200000,130,6.29,7368,6.55,TRUE,475000000,0.44,Miss,High Budget,Pre-COVID
166424,Fantastic Four,8/5/2015,2015,8,"20th Century Fox, Constantin Film, Marvel Entertainment, Marv, Genre Films, Robert Kulzer Productions, TSG Entertainment","Action, Adventure, Science Fiction",Reboot,Fantastic Four,120000000,167977596,100,4.44,6416,5.07,TRUE,300000000,0.56,Miss,Standard Blockbuster,Pre-COVID
168259,Furious 7,4/1/2015,2015,4,"Original Film, One Race, Universal Pictures","Action, Crime, Thriller",Sequel,Fast & Furious,190000000,1515400000,138,7.22,11300,15.85,TRUE,475000000,3.19,Major Hit,High Budget,Pre-COVID
302429,Strange Magic,1/23/2015,2015,1,"Lucasfilm Ltd., Lucasfilm Animation","Music, Animation, Family, Fantasy",Original,None,100000000,13603453,99,7.23,566,2.86,TRUE,250000000,0.05,Miss,Standard Blockbuster,Pre-COVID
177677,Mission: Impossible - Rogue Nation,7/28/2015,2015,7,"Paramount Pictures, Bad Robot, Odin, Skydance Media","Action, Adventure",Sequel,Mission: Impossible,150000000,682716636,131,7.22,9728,10.23,TRUE,375000000,1.82,Major Hit,High Budget,Pre-COVID
205775,In the Heart of the Sea,12/3/2015,2015,12,"Imagine Entertainment, Spring Creek Pictures, Roth Films, Kjam Media, Cott Productions, Surf Film, Enelmar Productions, A.I.E., Warner Bros. Pictures, Village Roadshow Pictures","Thriller, Drama, Adventure, Action, History",Adaptation,None,100000000,93900000,122,6.76,4358,4.15,TRUE,250000000,0.38,Miss,Standard Blockbuster,Pre-COVID
206647,Spectre,10/26/2015,2015,10,"Metro-Goldwyn-Mayer, Columbia Pictures, EON Productions","Action, Adventure, Thriller",Sequel,James Bond,245000000,880707597,148,6.6,11266,8.83,TRUE,612500000,1.44,Hit,High Budget,Pre-COVID
76341,Mad Max: Fury Road,5/13/2015,2015,5,"Warner Bros. Pictures, Village Roadshow Pictures, Kennedy Miller Mitchell, RatPac Entertainment","Action, Adventure, Science Fiction",Adaptation,Mad Max,150000000,378858340,121,7.63,24123,17.74,TRUE,375000000,1.01,Break Even,High Budget,Pre-COVID
76757,Jupiter Ascending,2/4/2015,2015,2,"Warner Bros. Pictures, Village Roadshow Pictures, RatPac Entertainment, Anarchos Productions","Science Fiction, Fantasy, Action",Original,None,176000000,184000000,127,5.47,7125,6.53,TRUE,440000000,0.42,Miss,High Budget,Pre-COVID
87101,Terminator Genisys,6/23/2015,2015,6,"Paramount Pictures, Skydance Media","Science Fiction, Action, Thriller",Sequel,Terminator,155000000,440603537,126,5.96,8987,10.31,TRUE,387500000,1.14,Break Even,High Budget,Pre-COVID
228161,Home,3/18/2015,2015,3,DreamWorks Animation,"Fantasy, Comedy, Animation, Science Fiction, Family",Adaptation,None,135000000,368871007,94,6.79,4230,6.81,TRUE,337500000,1.09,Break Even,Standard Blockbuster,Pre-COVID
99861,Avengers: Age of Ultron,4/22/2015,2015,4,Marvel Studios,"Action, Adventure, Science Fiction",Sequel,Marvel Cinematic Universe,235000000,1405403694,141,7.27,24484,24.28,TRUE,587500000,2.39,Major Hit,High Budget,Pre-COVID
102899,Ant-Man,7/14/2015,2015,7,Marvel Studios,"Science Fiction, Adventure, Action",Adaptation,Marvel Cinematic Universe,130000000,519311965,117,7.07,20888,12.88,TRUE,325000000,1.6,Hit,Standard Blockbuster,Pre-COVID
105864,The Good Dinosaur,11/14/2015,2015,11,"Pixar, Walt Disney Pictures","Adventure, Animation, Family",Original,None,175000000,332207671,93,6.75,6012,8.12,TRUE,437500000,0.76,Miss,High Budget,Pre-COVID
254128,San Andreas,5/27/2015,2015,5,"New Line Cinema, Village Roadshow Pictures, Flynn Picture Company, Warner Bros. Pictures","Action, Drama, Thriller",Original,None,110000000,473990832,114,6.25,9025,5.83,TRUE,275000000,1.72,Major Hit,Standard Blockbuster,Pre-COVID
257088,Point Break,12/3/2015,2015,12,"Studio Babelsberg, Alcon Entertainment, DMG Entertainment, Taylor-Baldecchi-Wimmer","Action, Adventure, Crime, Thriller",Remake,None,105000000,133782481,114,5.96,2449,3.66,TRUE,262500000,0.51,Miss,Standard Blockbuster,Pre-COVID
262504,Allegiant,3/9/2016,2016,3,"Mandeville Films, Summit Entertainment, Lionsgate, Red Wagon Entertainment","Adventure, Science Fiction, Action, Mystery",Sequel,Divergent,110000000,179246868,120,6.1,6983,5.23,TRUE,275000000,0.65,Miss,Standard Blockbuster,Pre-COVID
262841,Monster Trucks,12/21/2016,2016,12,"Nickelodeon Movies, Disruption Entertainment, Paramount Animation","Action, Comedy, Science Fiction",Original,None,125000000,64493915,104,6.09,925,3.46,TRUE,312500000,0.21,Miss,Standard Blockbuster,Pre-COVID
136799,Trolls,10/13/2016,2016,10,DreamWorks Animation,"Adventure, Animation, Comedy, Family, Fantasy, Music",Original,Trolls,125000000,347337803,92,6.6,3829,5.58,TRUE,312500000,1.11,Break Even,Standard Blockbuster,Pre-COVID
267935,The BFG,6/1/2016,2016,6,"Walt Disney Pictures, Amblin Entertainment, Reliance Entertainment, Walden Media, The Kennedy/Marshall Company, The Roald Dahl Story Company","Adventure, Family, Fantasy",Adaptation,None,140000000,195243411,117,6.29,3631,6.34,TRUE,350000000,0.56,Miss,Standard Blockbuster,Pre-COVID
269149,Zootopia,2/11/2016,2016,2,Walt Disney Animation Studios,"Animation, Adventure, Family, Comedy",Original,Zootopia,150000000,1025521689,109,7.76,18148,21.97,TRUE,375000000,2.73,Major Hit,High Budget,Pre-COVID
271110,Captain America: Civil War,4/27/2016,2016,4,Marvel Studios,"Adventure, Action, Science Fiction",Sequel,Marvel Cinematic Universe,250000000,1155046416,147,7.45,24072,17.29,TRUE,625000000,1.85,Major Hit,Mega Budget,Pre-COVID
140300,Kung Fu Panda 3,1/23/2016,2016,1,"DreamWorks Animation, Oriental DreamWorks, Zhong Ming You Ying Film, China Film Group Corporation","Animation, Action, Adventure, Comedy, Family",Sequel,Kung Fu Panda,145000000,521170825,95,6.93,6602,10.54,TRUE,362500000,1.44,Hit,Standard Blockbuster,Pre-COVID
271969,Ben-Hur,8/17/2016,2016,8,"Metro-Goldwyn-Mayer, Paramount Pictures, LightWorkers Media, Sean Daniel Company","Action, History, Adventure, Drama",Remake,None,100000000,94061311,125,5.78,1786,3.33,TRUE,250000000,0.38,Miss,Standard Blockbuster,Pre-COVID
274870,Passengers,12/21/2016,2016,12,"Columbia Pictures, Village Roadshow Pictures, Original Film, Company Films, Start Motion Pictures, LStar Capital, Wanda Pictures","Drama, Romance, Science Fiction",Original,None,110000000,303144152,116,6.96,14249,5.93,TRUE,275000000,1.1,Break Even,Standard Blockbuster,Pre-COVID
277834,Moana,10/13/2016,2016,10,Walt Disney Animation Studios,"Adventure, Comedy, Family, Animation",Original,Moana,150000000,690860472,107,7.57,13744,3.68,TRUE,375000000,1.84,Major Hit,High Budget,Pre-COVID
278154,Ice Age: Collision Course,6/23/2016,2016,6,"Blue Sky Studios, 20th Century Fox Animation, 20th Century Fox","Adventure, Animation, Family, Comedy, Science Fiction",Sequel,Ice Age,105000000,408579038,95,6.1,4879,14.68,TRUE,262500000,1.56,Hit,Standard Blockbuster,Pre-COVID
278927,The Jungle Book,4/7/2016,2016,4,"Walt Disney Pictures, Fairview Entertainment, Moving Picture Company","Adventure, Family, Fantasy",Remake,The Jungle Book,175000000,966550600,106,6.9,8504,9.61,TRUE,437500000,2.21,Major Hit,High Budget,Pre-COVID
283366,Miss Peregrine's Home for Peculiar Children,9/28/2016,2016,9,"Chernin Entertainment, Tim Burton Productions, TSG Entertainment, 20th Century Fox","Adventure, Fantasy",Adaptation,None,110000000,296482446,127,6.84,10485,6.19,TRUE,275000000,1.08,Break Even,Standard Blockbuster,Pre-COVID
284052,Doctor Strange,10/25/2016,2016,10,Marvel Studios,"Fantasy, Adventure, Action",Adaptation,Marvel Cinematic Universe,180000000,676343174,115,7.4,23461,11.53,TRUE,450000000,1.5,Hit,High Budget,Pre-COVID
290595,The Huntsman: Winter's War,4/6/2016,2016,4,"Roth Films, Universal Pictures, Perfect World Pictures","Action, Adventure, Drama",Sequel,Snow White and the Huntsman,115000000,164989338,114,6.29,5054,4.5,TRUE,287500000,0.57,Miss,Standard Blockbuster,Pre-COVID
291805,Now You See Me 2,6/2/2016,2016,6,"Summit Entertainment, K/O Paper Products, TIK Films, Lionsgate","Crime, Thriller",Sequel,Now You See Me,120000000,334897606,129,6.8,11599,9.24,TRUE,300000000,1.12,Break Even,Standard Blockbuster,Pre-COVID
296524,Deepwater Horizon,9/28/2016,2016,9,"Summit Entertainment, Participant, di Bonaventura Pictures, Closest to the Hole Productions, Leverage Entertainment, TIK Films, Lionsgate","Drama, Action",Adaptation,None,110000000,121790376,107,6.9,4917,6.15,TRUE,275000000,0.44,Miss,Standard Blockbuster,Pre-COVID
297761,Suicide Squad,8/3/2016,2016,8,"Warner Bros. Pictures, RatPac Entertainment, DC Films, Atlas Entertainment","Action, Adventure, Fantasy",Adaptation,DC Extended Universe,175000000,749200054,122,5.92,22121,7.92,TRUE,437500000,1.71,Major Hit,High Budget,Pre-COVID
43074,Ghostbusters,7/14/2016,2016,7,"Ghost Corps, Columbia Pictures, Village Roadshow Pictures, LStar Capital, Feigco Entertainment, Pascal Pictures, The Montecito Picture Company","Action, Fantasy, Comedy",Remake,Ghostbusters,144000000,229147509,117,5.3,6787,5.82,TRUE,360000000,0.64,Miss,Standard Blockbuster,Pre-COVID
308531,Teenage Mutant Ninja Turtles: Out of the Shadows,5/30/2016,2016,5,"5150 Action, Paramount Pictures, Nickelodeon Movies, Platinum Dunes, Gama Entertainment Partners","Action, Adventure, Comedy, Family, Science Fiction",Sequel,Teenage Mutant Ninja Turtles,135000000,245623848,112,6.1,3809,6.58,TRUE,337500000,0.73,Miss,Standard Blockbuster,Pre-COVID
47933,Independence Day: Resurgence,6/22/2016,2016,6,"20th Century Fox, TSG Entertainment, Centropolis Entertainment, Stereo D","Action, Adventure, Science Fiction",Sequel,Independence Day,165000000,389681935,120,5.36,6468,6.5,TRUE,412500000,0.94,Miss,High Budget,Pre-COVID
311324,The Great Wall,12/16/2016,2016,12,"Universal Pictures, Atlas Entertainment, Le Vision Pictures, Legendary Pictures, Legendary East, China Film Group Corporation","Action, Adventure, Fantasy",Adaptation,None,150000000,331957105,103,6.03,5547,8.18,TRUE,375000000,0.89,Miss,High Budget,Pre-COVID
188927,Star Trek Beyond,7/7/2016,2016,7,"Skydance Media, Paramount Pictures, Bad Robot, Perfect Storm Entertainment, Sneaky Shark","Action, Adventure, Science Fiction",Sequel,Star Trek,185000000,343471816,122,6.79,7108,5.77,TRUE,462500000,0.74,Miss,High Budget,Pre-COVID
324668,Jason Bourne,7/27/2016,2016,7,"The Kennedy/Marshall Company, Captivate Entertainment, Pearl Street Films, Perfect World Pictures","Action, Adventure, Thriller",Sequel,Bourne,120000000,415484914,123,6.38,6225,6.78,TRUE,300000000,1.38,Hit,Standard Blockbuster,Pre-COVID
330459,Rogue One: A Star Wars Story,12/14/2016,2016,12,Lucasfilm Ltd.,"Action, Adventure, Science Fiction",Spin-off,Star Wars,200000000,1056057273,133,7.5,16440,9.87,TRUE,500000000,2.11,Major Hit,High Budget,Pre-COVID
68735,Warcraft,5/25/2016,2016,5,"Legendary Pictures, Atlas Entertainment, Blizzard Entertainment","Action, Adventure, Fantasy",Adaptation,Warcraft,160000000,433677183,123,6.41,7281,6.19,TRUE,400000000,1.08,Break Even,High Budget,Pre-COVID
205584,Gods of Egypt,2/25/2016,2016,2,"Thunder Road, Pyramania, Summit Entertainment, Mystery Clock Cinema, TIK Films, Lionsgate, Fin Design & Effects","Action, Adventure, Fantasy",Adaptation,None,140000000,150680864,127,5.7,4363,6.22,TRUE,350000000,0.43,Miss,Standard Blockbuster,Pre-COVID
209112,Batman v Superman: Dawn of Justice,3/23/2016,2016,3,"Warner Bros. Pictures, RatPac Entertainment, Atlas Entertainment, Cruel & Unusual Films, DC","Action, Adventure, Fantasy",Adaptation,DC Extended Universe,250000000,874362803,152,6,19027,20.79,TRUE,625000000,1.4,Hit,Mega Budget,Pre-COVID
369885,Allied,11/23/2016,2016,11,"Paramount Pictures, GK Films, ImageMovers, Huahua Media","Action, Drama, War, Romance, Thriller",Adaptation,None,106000000,119520023,124,6.81,4805,4.3,TRUE,265000000,0.45,Miss,Standard Blockbuster,Pre-COVID
241259,Alice Through the Looking Glass,5/25/2016,2016,5,"Walt Disney Pictures, Roth Films, Team Todd, Tim Burton Productions","Adventure, Family, Fantasy",Sequel,Alice in Wonderland,170000000,299457024,113,6.6,6788,7.83,TRUE,425000000,0.7,Miss,High Budget,Pre-COVID
246655,X-Men: Apocalypse,5/18/2016,2016,5,"The Donners' Company, Bad Hat Harry Productions, Genre Films, Hutch Parker Entertainment, 20th Century Fox, Marvel Entertainment, TSG Entertainment","Science Fiction, Fantasy, Action",Sequel,X-Men,178000000,543934787,144,6.53,13793,9.13,TRUE,445000000,1.22,Hit,High Budget,Pre-COVID
121856,Assassin's Creed,12/21/2016,2016,12,"New Regency Pictures, The Kennedy/Marshall Company, Ubisoft Film & Television, DMC Film","Action, Adventure, Science Fiction",Adaptation,Assassin's Creed,125000000,240700000,116,5.44,8124,3.4,TRUE,312500000,0.77,Miss,Standard Blockbuster,Pre-COVID
127380,Finding Dory,6/16/2016,2016,6,Pixar,"Adventure, Animation, Family",Sequel,Finding Nemo,200000000,1029266989,97,7.04,12661,7.19,TRUE,500000000,2.06,Major Hit,High Budget,Pre-COVID
258489,The Legend of Tarzan,6/29/2016,2016,6,"Village Roadshow Pictures, Dark Horse Entertainment, Beagle Pug Films, Jerry Weintraub Productions, RatPac Entertainment, Riche Productions, Warner Bros. Pictures","Fantasy, Action, Adventure",Reboot,Tarzan,180000000,356743061,109,5.92,6522,6.04,TRUE,450000000,0.79,Miss,High Budget,Pre-COVID
259316,Fantastic Beasts and Where to Find Them,11/16/2016,2016,11,"Heyday Films, Warner Bros. Pictures","Fantasy, Adventure",Adaptation,Wizarding World,180000000,809342332,133,7.31,19722,14.02,TRUE,450000000,1.8,Major Hit,High Budget,Pre-COVID
141052,Justice League,11/15/2017,2017,11,"Cruel & Unusual Films, Atlas Entertainment, Warner Bros. Pictures, RatPac Entertainment, DC Films","Action, Adventure, Science Fiction",Sequel,DC Extended Universe,300000000,661326987,120,6.1,13686,7.82,TRUE,750000000,0.88,Miss,Mega Budget,Pre-COVID
274855,Geostorm,10/12/2017,2017,10,"Twisted Media, Skydance Media, RatPac Entertainment, Electric Entertainment, Warner Bros. Pictures, October Pictures","Action, Science Fiction, Thriller",Original,None,120000000,221600160,109,6.13,5192,7,TRUE,300000000,0.74,Miss,Standard Blockbuster,Pre-COVID
274857,King Arthur: Legend of the Sword,5/10/2017,2017,5,"Village Roadshow Pictures, Weed Road Pictures, Wigram Productions, Safehouse Pictures, Warner Bros. Pictures","Action, Drama, Fantasy",Adaptation,King Arthur,175000000,149175066,126,6.56,6068,7.34,TRUE,437500000,0.34,Miss,High Budget,Pre-COVID
281338,War for the Planet of the Apes,7/11/2017,2017,7,"20th Century Fox, TSG Entertainment, Chernin Entertainment","Drama, Science Fiction, War",Sequel,Planet of the Apes,150000000,490719763,140,7.2,9732,7.89,TRUE,375000000,1.31,Hit,High Budget,Pre-COVID
282035,The Mummy,6/6/2017,2017,6,"Secret Hideout, Universal Pictures, Conspiracy Factory, Sean Daniel Company","Fantasy, Thriller, Action, Adventure, Horror",Remake,The Mummy,125000000,409231607,110,5.52,7655,8.57,TRUE,312500000,1.31,Hit,Standard Blockbuster,Pre-COVID
283995,Guardians of the Galaxy Vol. 2,4/25/2017,2017,4,Marvel Studios,"Science Fiction, Adventure, Action",Sequel,Marvel Cinematic Universe,200000000,863756051,137,7.61,22970,12.22,TRUE,500000000,1.73,Major Hit,High Budget,Pre-COVID
284053,Thor: Ragnarok,10/2/2017,2017,10,Marvel Studios,"Action, Science Fiction, Comedy",Sequel,Marvel Cinematic Universe,180000000,855301806,131,7.58,22049,16.74,TRUE,450000000,1.9,Major Hit,High Budget,Pre-COVID
293167,Kong: Skull Island,3/8/2017,2017,3,"Legendary Pictures, Tencent Pictures","Action, Adventure, Fantasy",Original,MonsterVerse,185000000,566652812,118,6.55,11151,10.11,TRUE,462500000,1.23,Hit,High Budget,Pre-COVID
295693,The Boss Baby,3/23/2017,2017,3,DreamWorks Animation,"Animation, Comedy, Family",Original,The Boss Baby,125000000,527965936,97,6.45,7468,2.62,TRUE,312500000,1.69,Major Hit,Standard Blockbuster,Pre-COVID
166426,Pirates of the Caribbean: Dead Men Tell No Tales,5/23/2017,2017,5,"Walt Disney Pictures, Jerry Bruckheimer Films, Infinitum Nihil","Adventure, Action, Fantasy",Sequel,Pirates of the Caribbean,230000000,795922298,129,6.66,12832,13.17,TRUE,575000000,1.38,Hit,High Budget,Pre-COVID
297762,Wonder Woman,5/30/2017,2017,5,"Atlas Entertainment, Cruel & Unusual Films, DC Films, Warner Bros. Pictures","Action, Adventure, Fantasy",Adaptation,DC Extended Universe,149000000,823970682,141,7.21,20925,11.59,TRUE,372500000,2.21,Major Hit,Standard Blockbuster,Pre-COVID
305470,Power Rangers,3/23/2017,2017,3,"Lionsgate, Saban Brands, Saban Films, Temple Hill Entertainment, TIK Films","Action, Adventure, Science Fiction",Reboot,Power Rangers,105000000,142300000,124,6.25,4638,4.25,TRUE,262500000,0.54,Miss,Standard Blockbuster,Pre-COVID
181808,Star Wars: The Last Jedi,12/13/2017,2017,12,Lucasfilm Ltd.,"Adventure, Action, Science Fiction",Sequel,Star Wars,300000000,1334407706,152,6.8,16362,20.15,TRUE,750000000,1.78,Major Hit,Mega Budget,Pre-COVID
315635,Spider-Man: Homecoming,7/5/2017,2017,7,"Marvel Studios, Pascal Pictures, LStar Capital, Columbia Pictures","Action, Adventure, Science Fiction",Reboot,Marvel Cinematic Universe,175000000,880978185,133,7.33,23209,26.87,TRUE,437500000,2.01,Major Hit,High Budget,Pre-COVID
315837,Ghost in the Shell,3/29/2017,2017,3,"Weying Galaxy Entertainment, Paramount Pictures, Shanghai Film Group, Reliance Entertainment, Grosvenor Park Productions, Steven Paul Production, Huahua Media, Seaside Entertainment, DreamWorks Pictures, Arad Productions","Science Fiction, Drama, Action",Adaptation,Ghost in the Shell,110000000,169801921,107,6.11,8583,6.04,TRUE,275000000,0.62,Miss,Standard Blockbuster,Pre-COVID
321612,Beauty and the Beast,3/16/2017,2017,3,"Walt Disney Pictures, Mandeville Films","Family, Fantasy, Romance",Remake,Beauty and the Beast,160000000,1266115964,129,6.97,16013,12.52,TRUE,400000000,3.17,Major Hit,High Budget,Pre-COVID
335984,Blade Runner 2049,10/4/2017,2017,10,"Alcon Entertainment, Columbia Pictures, Scott Free Productions, Bud Yorkin Productions, Torridon Films, 16:14 Entertainment","Science Fiction, Drama",Sequel,Blade Runner,150000000,259239658,164,7.6,15187,20.45,TRUE,375000000,0.69,Miss,High Budget,Pre-COVID
335988,Transformers: The Last Knight,6/16/2017,2017,6,"Paramount Pictures, di Bonaventura Pictures, Ian Bryce Productions, DeSanto/Murphy Productions, Hasbro","Action, Adventure, Science Fiction",Sequel,Transformers,217000000,605425157,154,6.06,6727,7.46,TRUE,542500000,1.12,Break Even,High Budget,Pre-COVID
337339,The Fate of the Furious,4/12/2017,2017,4,"Original Film, One Race, Universal Pictures","Action, Crime, Thriller",Sequel,Fast & Furious,250000000,1236000000,136,6.85,10826,8.51,TRUE,625000000,1.98,Major Hit,Mega Budget,Pre-COVID
339964,Valerian and the City of a Thousand Planets,7/19/2017,2017,7,"Belga Films, River Road Entertainment, Grive Productions, EuropaCorp, UFA, Fundamental Films, Gulf Film, Novo Pictures, TF1 Films Production, Orange Studio, BNP Paribas Fortis","Adventure, Science Fiction, Action",Adaptation,None,177200000,225973340,137,6.64,8019,6.5,TRUE,443000000,0.51,Miss,High Budget,Pre-COVID
343668,Kingsman: The Golden Circle,9/20/2017,2017,9,"20th Century Fox, Marv, Cloudy Productions, TSG Entertainment","Action, Adventure, Comedy, Crime, Science Fiction",Sequel,Kingsman,104000000,410902662,141,6.95,11148,6.8,TRUE,260000000,1.58,Hit,Standard Blockbuster,Pre-COVID
354912,Coco,10/27/2017,2017,10,Pixar,"Family, Animation, Music, Adventure",Original,None,175000000,814641172,105,8.2,21017,21.09,TRUE,437500000,1.86,Major Hit,High Budget,Pre-COVID
364689,Ferdinand,12/9/2017,2017,12,"Blue Sky Studios, 20th Century Fox Animation, Davis Entertainment, 20th Century Fox","Animation, Family, Adventure, Comedy",Adaptation,None,111000000,295038508,108,7.21,3094,5.2,TRUE,277500000,1.06,Break Even,Standard Blockbuster,Pre-COVID
374720,Dunkirk,7/19/2017,2017,7,"Warner Bros. Pictures, Syncopy, Dombey Street Productions","War, Action, Drama",Original,None,150000000,549136737,107,7.45,17594,9.24,TRUE,375000000,1.46,Hit,High Budget,Pre-COVID
260514,Cars 3,6/15/2017,2017,6,Pixar,"Animation, Drama, Family",Sequel,Cars,175000000,383925276,102,6.86,6396,12.54,TRUE,437500000,0.88,Miss,High Budget,Pre-COVID
268896,Pacific Rim: Uprising,3/21/2018,2018,3,"Legendary Pictures, Double Dare You","Action, Fantasy, Science Fiction, Adventure",Sequel,Pacific Rim,150000000,290061297,111,6.13,5353,9.23,TRUE,375000000,0.77,Miss,High Budget,Pre-COVID
400650,Mary Poppins Returns,12/13/2018,2018,12,"Walt Disney Pictures, Marc Platt Productions, Lucamar Productions","Fantasy, Family, Comedy",Sequel,Mary Poppins,130000000,348807090,131,6.51,3467,3.41,TRUE,325000000,1.07,Break Even,Standard Blockbuster,Pre-COVID
404368,Ralph Breaks the Internet,11/20/2018,2018,11,Walt Disney Animation Studios,"Action, Adventure, Animation, Comedy, Family, Science Fiction",Sequel,Wreck-It Ralph,175000000,529323962,112,7.16,8112,7.7,TRUE,437500000,1.21,Hit,High Budget,Pre-COVID
407451,A Wrinkle in Time,3/8/2018,2018,3,"Whitaker Entertainment, Walt Disney Pictures","Adventure, Science Fiction, Family, Fantasy",Adaptation,A Wrinkle in Time,103000000,132675864,109,5.06,1864,2.04,TRUE,257500000,0.515246074,Miss,Standard Blockbuster,Pre-COVID
284054,Black Panther,2/13/2018,2018,2,Marvel Studios,"Action, Adventure, Science Fiction",Sequel,Marvel Cinematic Universe,200000000,1349926083,135,7.36,23522,17.93,TRUE,500000000,2.699852166,Major Hit,High Budget,Pre-COVID
424783,Bumblebee,11/22/2018,2018,11,"Paramount Pictures, Allspark Pictures, Bay Films, di Bonaventura Pictures, DeSanto/Murphy Productions, Tencent Pictures","Action, Adventure, Science Fiction",Spin-off,Transformers,135000000,467989645,114,6.7,6638,11.35,TRUE,337500000,1.386635985,Hit,Standard Blockbuster,Pre-COVID
426543,The Nutcracker and the Four Realms,10/26/2018,2018,10,"Walt Disney Pictures, The Mark Gordon Company","Family, Fantasy, Adventure",Adaptation,The Nutcracker,120000000,173961069,99,6.1,2247,3.64,TRUE,300000000,0.57987023,Miss,Standard Blockbuster,Pre-COVID
427641,Rampage,4/11/2018,2018,4,"Wrigley Pictures, New Line Cinema, ASAP Entertainment, Flynn Picture Company, Twisted Media, Seven Bucks Productions, Access Entertainment","Action, Adventure, Science Fiction",Adaptation,Rampage,120000000,428028233,107,6.45,7525,11.88,TRUE,300000000,1.426760777,Hit,Standard Blockbuster,Pre-COVID
428078,Mortal Engines,11/27/2018,2018,11,"Scholastic Productions, Silvertongue Films, Universal Pictures, WingNut Films, MRC","Adventure, Science Fiction",Adaptation,Mortal Engines,100000000,83869818,128,6.22,5149,6.84,TRUE,250000000,0.335479272,Miss,Standard Blockbuster,Pre-COVID
297802,Aquaman,12/7/2018,2018,12,"The Safran Company, Warner Bros. Pictures, DC Films","Action, Adventure, Fantasy",Sequel,DC Extended Universe,160000000,1152028393,143,6.87,14928,11.31,TRUE,400000000,2.880070983,Major Hit,High Budget,Pre-COVID
299536,Avengers: Infinity War,4/25/2018,2018,4,Marvel Studios,"Adventure, Action, Science Fiction",Sequel,Marvel Cinematic Universe,300000000,2052415039,149,8.2,32106,52.71,TRUE,750000000,2.736553385,Major Hit,Mega Budget,Pre-COVID
567604,Once Upon a Deadpool,12/11/2018,2018,12,"20th Century Fox, Genre Films, Maximum Effort, Marvel Entertainment","Comedy, Action, Adventure, Science Fiction",Spin-off,X-Men,110000000,51349833,118,7.11,850,3.99,TRUE,275000000,0.186726665,Miss,Standard Blockbuster,Pre-COVID
447200,Skyscraper,7/11/2018,2018,7,"Flynn Picture Company, Legendary Pictures, Seven Bucks Productions, Universal Pictures, dentsu, Fuji Television Network","Action, Thriller, Adventure",Adaptation,None,125000000,304870828,102,6.31,5349,3.46,TRUE,312500000,0.97558665,Miss,Standard Blockbuster,Pre-COVID
333339,Ready Player One,3/28/2018,2018,3,"Amblin Entertainment, Warner Bros. Pictures, Village Roadshow Pictures, De Line Pictures, Dune Entertainment, Access Entertainment","Adventure, Action, Science Fiction, Animation",Adaptation,None,175000000,607274134,140,7.6,16966,12.19,TRUE,437500000,1.388055163,Hit,High Budget,Pre-COVID
335983,Venom,9/28/2018,2018,9,"Matt Tolmach Productions, Pascal Pictures, Marvel Entertainment, Tencent Pictures, Arad Productions, Columbia Pictures","Science Fiction, Action",Adaptation,Sony's Spider-Man Universe,116000000,856085151,112,6.83,17260,9.87,TRUE,290000000,2.952017762,Major Hit,Standard Blockbuster,Pre-COVID
338952,Fantastic Beasts: The Crimes of Grindelwald,11/14/2018,2018,11,"Warner Bros. Pictures, Heyday Films","Fantasy, Adventure",Adaptation,Wizarding World,200000000,654900000,134,6.83,11482,8.08,TRUE,500000000,1.3098,Hit,High Budget,Pre-COVID
345940,The Meg,8/9/2018,2018,8,"Apelles Entertainment, Gravity Pictures, di Bonaventura Pictures, Flagship Entertainment Group, Maeday Productions, Warner Bros. Pictures","Action, Science Fiction, Horror",Adaptation,The Meg,150000000,530517320,113,6.25,8211,12.5,TRUE,375000000,1.414712853,Hit,High Budget,Pre-COVID
348350,Solo: A Star Wars Story,5/15/2018,2018,5,Lucasfilm Ltd.,"Science Fiction, Adventure, Action",Prequel,Star Wars,250000000,392952373,135,6.56,9285,5.69,TRUE,625000000,0.628723797,Miss,Mega Budget,Pre-COVID
351286,Jurassic World: Fallen Kingdom,6/6/2018,2018,6,"Amblin Entertainment, Universal Pictures","Adventure, Science Fiction, Thriller",Sequel,Jurassic Park,170000000,1310469037,129,6.53,12781,11.31,TRUE,425000000,3.083456558,Major Hit,High Budget,Pre-COVID
353081,Mission: Impossible - Fallout,7/25/2018,2018,7,"Paramount Pictures, Bad Robot, Skydance Media, TC Productions","Action, Adventure",Sequel,Mission: Impossible,178000000,824171374,147,7.45,9150,9.93,TRUE,445000000,1.852070503,Major Hit,High Budget,Pre-COVID
363088,Ant-Man and the Wasp,7/4/2018,2018,7,Marvel Studios,"Action, Adventure, Science Fiction",Sequel,Marvel Cinematic Universe,140000000,622674139,119,6.9,14206,7.58,TRUE,350000000,1.779068969,Major Hit,Standard Blockbuster,Pre-COVID
375588,Robin Hood,11/3/2018,2018,11,"Appian Way, Safehouse Pictures, Summit Entertainment, Thunder Road, TIK Films, EMG Management, Lionsgate","Adventure, Action, Thriller, Fantasy",Reboot,Robin Hood,100000000,86493046,116,5.91,3151,4.21,TRUE,250000000,0.345972184,Miss,Standard Blockbuster,Pre-COVID
383498,Deadpool 2,5/15/2018,2018,5,"Maximum Effort, Genre Films, 20th Century Fox, Marvel Entertainment","Action, Comedy, Adventure",Sequel,X-Men,110000000,785896632,120,7.49,19254,13.37,TRUE,275000000,2.857805935,Major Hit,Standard Blockbuster,Pre-COVID
260513,Incredibles 2,6/14/2018,2018,6,Pixar,"Action, Adventure, Animation, Family",Sequel,The Incredibles,200000000,1243225667,118,7.45,13697,11.36,TRUE,500000000,2.486451334,Major Hit,High Budget,Pre-COVID
399579,Alita: Battle Angel,1/31/2019,2019,1,"Troublemaker Studios, Lightstorm Entertainment, 20th Century Fox, TSG Entertainment","Action, Science Fiction, Adventure",Adaptation,Battle Angel Alita,170000000,405000000,122,7.26,10048,10.91,TRUE,425000000,0.952941176,Miss,High Budget,Pre-COVID
530915,1917,12/25/2019,2019,12,"DreamWorks Pictures, Reliance Entertainment, New Republic Pictures, Neal Street Productions, Mogambo Films","War, History, Drama",Adaptation,None,100000000,446064352,119,7.99,13568,9.06,TRUE,250000000,1.784257408,Major Hit,Standard Blockbuster,Pre-COVID
400157,Wonder Park,3/13/2019,2019,3,"Nickelodeon Movies, Paramount Animation, Ilion Animation Studios, Paramount Pictures","Comedy, Animation, Adventure, Family, Fantasy",Original,None,100000000,119559110,86,6.57,753,2.34,TRUE,250000000,0.47823644,Miss,Standard Blockbuster,Pre-COVID
420809,Maleficent: Mistress of Evil,10/16/2019,2019,10,"Walt Disney Pictures, Roth Films","Family, Fantasy, Adventure",Sequel,Maleficent,185000000,491730089,119,7.3,6507,8.88,TRUE,462500000,1.063200192,Break Even,High Budget,Pre-COVID
420817,Aladdin,5/22/2019,2019,5,"Walt Disney Pictures, Rideback","Adventure, Fantasy, Romance, Family",Remake,Aladdin,183000000,1054304000,127,7.08,10628,11.46,TRUE,457500000,2.304489617,Major Hit,High Budget,Pre-COVID
420818,The Lion King,7/12/2019,2019,7,"Walt Disney Pictures, Fairview Entertainment","Adventure, Drama, Family, Animation",Remake,The Lion King,260000000,1662020819,118,7.1,10751,11.44,TRUE,650000000,2.556955106,Major Hit,Mega Budget,Pre-COVID
290859,Terminator: Dark Fate,10/23/2019,2019,10,"20th Century Fox, Skydance Media, Paramount Pictures, Tencent Pictures, TSG Entertainment, Lightstorm Entertainment","Science Fiction, Action, Adventure, Thriller",Sequel,Terminator,185000000,261119292,128,6.42,5682,8.25,TRUE,462500000,0.564582253,Miss,High Budget,Pre-COVID
166428,How to Train Your Dragon: The Hidden World,1/3/2019,2019,1,DreamWorks Animation,"Animation, Family, Adventure",Sequel,How to Train Your Dragon,129000000,539987993,104,7.75,7120,11.77,TRUE,322500000,1.674381374,Major Hit,Standard Blockbuster,Pre-COVID
429617,Spider-Man: Far From Home,6/28/2019,2019,6,"Marvel Studios, Pascal Pictures, Columbia Pictures","Action, Adventure, Science Fiction",Sequel,Marvel Cinematic Universe,160000000,1132723226,129,7.4,16992,22.72,TRUE,400000000,2.831808065,Major Hit,High Budget,Pre-COVID
299534,Avengers: Endgame,4/24/2019,2019,4,Marvel Studios,"Adventure, Science Fiction, Action",Sequel,Marvel Cinematic Universe,356000000,2799439100,181,8.24,27848,35.07,TRUE,890000000,3.145437191,Major Hit,Mega Budget,Pre-COVID
299537,Captain Marvel,3/6/2019,2019,3,Marvel Studios,"Action, Adventure, Science Fiction",Adaptation,Marvel Cinematic Universe,152000000,1131416446,124,6.78,16774,9.41,TRUE,380000000,2.9774117,Major Hit,High Budget,Pre-COVID
431693,Spies in Disguise,12/4/2019,2019,12,"Chernin Entertainment, Blue Sky Studios, 20th Century Fox Animation, 20th Century Fox","Animation, Action, Adventure, Comedy, Family",Original,None,100000000,171616764,102,7.55,2980,5.26,TRUE,250000000,0.686467056,Miss,Standard Blockbuster,Pre-COVID
301528,Toy Story 4,6/19/2019,2019,6,Pixar,"Family, Comedy, Animation, Adventure",Sequel,Toy Story,175000000,1073841394,100,7.46,10562,33.18,TRUE,437500000,2.454494615,Major Hit,High Budget,Pre-COVID
181812,Star Wars: The Rise of Skywalker,12/18/2019,2019,12,"Lucasfilm Ltd., Bad Robot","Adventure, Action, Science Fiction",Sequel,Star Wars,489900000,1074144248,142,6.27,10863,9.76,TRUE,1224750000,0.877031433,Miss,Mega Budget,Pre-COVID
447404,Pokémon Detective Pikachu,5/3/2019,2019,5,"Legendary Pictures, The Pokémon Company, TOHO","Action, Adventure, Fantasy",Adaptation,Pokémon,150000000,450063166,105,6.91,7365,7.77,TRUE,375000000,1.200168443,Hit,High Budget,Pre-COVID
320288,Dark Phoenix,6/5/2019,2019,6,"Genre Films, Hutch Parker Entertainment, 20th Century Fox, TSG Entertainment, Marvel Entertainment","Science Fiction, Action, Adventure",Sequel,X-Men,200000000,252442974,114,5.97,7089,6.32,TRUE,500000000,0.504885948,Miss,High Budget,Pre-COVID
453405,Gemini Man,10/2/2019,2019,10,"Skydance Media, Jerry Bruckheimer Films, Fosun Pictures, Paramount Pictures, Alibaba Pictures Group","Science Fiction, Action, Adventure, Thriller, Drama",Original,None,140000000,173469516,117,6.26,5467,3.71,TRUE,350000000,0.495627189,Miss,Standard Blockbuster,Pre-COVID
458253,Missing Link,4/4/2019,2019,4,"LAIKA, Annapurna Pictures","Family, Animation, Comedy, Adventure, Action",Original,None,100000000,26565710,94,6.91,929,1.97,TRUE,250000000,0.10626284,Miss,Standard Blockbuster,Pre-COVID
329996,Dumbo,3/27/2019,2019,3,"Tim Burton Productions, Walt Disney Pictures, Infinite Detective, Secret Machine Entertainment","Family, Fantasy, Adventure",Remake,Dumbo,170000000,353284621,112,6.6,4528,4.11,TRUE,425000000,0.831257932,Miss,High Budget,Pre-COVID
330457,Frozen II,11/20/2019,2019,11,Walt Disney Animation Studios,"Family, Animation, Adventure, Comedy, Fantasy",Sequel,Frozen,150000000,1453683476,103,7.23,10299,18.51,TRUE,375000000,3.876489269,Major Hit,High Budget,Pre-COVID
479455,Men in Black: International,6/12/2019,2019,6,"Amblin Entertainment, Parkes+MacDonald Image Nation, Columbia Pictures, Tencent Pictures","Comedy, Science Fiction, Action, Adventure",Spin-off,Men in Black,110000000,253890701,115,5.9,5367,5.44,TRUE,275000000,0.923238913,Miss,Standard Blockbuster,Pre-COVID
373571,Godzilla: King of the Monsters,5/29/2019,2019,5,"Legendary Pictures, Huahua Media, TOHO","Science Fiction, Action",Sequel,MonsterVerse,170000000,387300138,132,6.7,6731,9.59,TRUE,425000000,0.911294442,Miss,High Budget,Pre-COVID
512200,Jumanji: The Next Level,12/4/2019,2019,12,"Columbia Pictures, Seven Bucks Productions, Matt Tolmach Productions, The Detective Agency","Adventure, Comedy, Fantasy",Sequel,Jumanji,125000000,801693929,123,6.88,9389,8.98,TRUE,312500000,2.565420573,Major Hit,Standard Blockbuster,Pre-COVID
384018,Fast & Furious Presents: Hobbs & Shaw,7/31/2019,2019,7,"Chris Morgan Productions, Seven Bucks Productions, Universal Pictures","Action, Adventure, Comedy",Spin-off,Fast & Furious,200000000,760098996,137,6.8,7768,9.68,TRUE,500000000,1.520197992,Hit,High Budget,Pre-COVID
522162,Midway,11/6/2019,2019,11,"AGC Studios, Centropolis Entertainment, Street Entertainment, Entertainment One, Starlight Culture Entertainment Group, Shanghai RuYi Entertainment","Action, War, History",Adaptation,None,100000000,127400000,138,7.1,2726,6.01,TRUE,250000000,0.5096,Miss,Standard Blockbuster,Pre-COVID
577922,Tenet,8/22/2020,2020,8,"Warner Bros. Pictures, Syncopy","Action, Thriller, Science Fiction",Original,None,205000000,365304105,150,7.18,11125,8.01,TRUE,512500000,0.712788498,Miss,High Budget,COVID Era
448119,Dolittle,1/2/2020,2020,1,"Universal Pictures, Team Downey, Perfect World Pictures, Roth-Kirschenbaum Films","Family, Comedy, Fantasy, Adventure",Adaptation,Doctor Dolittle,175000000,251410631,101,6.58,3885,6.09,TRUE,437500000,0.574652871,Miss,High Budget,COVID Era
464052,Wonder Woman 1984,12/16/2020,2020,12,"Warner Bros. Pictures, The Stone Quarry, DC Films, Atlas Entertainment","Action, Adventure, Fantasy",Sequel,DC Extended Universe,200000000,169601036,151,6.37,9071,6.6,TRUE,500000000,0.339202072,Miss,High Budget,COVID Era
337401,Mulan,9/4/2020,2020,9,"Walt Disney Pictures, Good Fear, Jason T. Reed Productions","Adventure, Fantasy, Action",Remake,Mulan,200000000,69965374,115,6.83,7053,6.85,TRUE,500000000,0.139930748,Miss,High Budget,COVID Era
481848,The Call of the Wild,2/19/2020,2020,2,"3 Arts Entertainment, 20th Century Studios, TSG Entertainment","Adventure, Family, Drama",Adaptation,The Call of the Wild,109000000,111200000,100,7.52,3948,4.45,TRUE,272500000,0.408073394,Miss,Standard Blockbuster,COVID Era
508439,Onward,2/29/2020,2020,2,"Walt Disney Pictures, Pixar","Adventure, Animation, Comedy, Family, Fantasy",Original,None,200000000,141888276,102,7.64,6579,5.02,TRUE,500000000,0.283776552,Miss,High Budget,COVID Era
508442,Soul,12/25/2020,2020,12,Pixar,"Animation, Family, Drama, Music, Fantasy",Original,None,150000000,121977511,101,8.09,11442,12.35,TRUE,375000000,0.325273363,Miss,High Budget,COVID Era
524434,Eternals,11/3/2021,2021,11,Marvel Studios,"Science Fiction, Action, Adventure",Adaptation,Marvel Cinematic Universe,200000000,402064899,156,6.77,9169,9.52,TRUE,500000000,0.804129798,Miss,High Budget,COVID Era
527774,Raya and the Last Dragon,3/3/2021,2021,3,Walt Disney Animation Studios,"Animation, Action, Adventure, Fantasy, Family",Original,None,100000000,130423032,107,7.8,7307,9.35,TRUE,250000000,0.521692128,Miss,Standard Blockbuster,COVID Era
399566,Godzilla vs. Kong,3/24/2021,2021,3,Legendary Pictures,"Action, Science Fiction, Adventure",Sequel,MonsterVerse,200000000,470116094,114,7.5,10650,8.76,TRUE,500000000,0.940232188,Miss,High Budget,COVID Era
412656,Chaos Walking,2/24/2021,2021,2,"Quadrant Pictures, Lionsgate, Bron Studios, 3 Arts Entertainment, TIK Films, Hercules Film Fund, Allison Shearmur Productions, Creative Wealth Media Finance","Fantasy, Science Fiction, Adventure",Adaptation,None,125000000,26508132,109,6.55,2593,4.05,TRUE,312500000,0.084826022,Miss,Standard Blockbuster,COVID Era
550988,Free Guy,8/11/2021,2021,8,"Berlanti Productions, 21 Laps Entertainment, Maximum Effort, Lit Entertainment Group, 20th Century Studios","Comedy, Adventure, Science Fiction",Original,None,110000000,331526598,115,7.45,9849,11.16,TRUE,275000000,1.205551265,Hit,Standard Blockbuster,COVID Era
566525,Shang-Chi and the Legend of the Ten Rings,9/1/2021,2021,9,Marvel Studios,"Action, Adventure, Fantasy",Adaptation,Marvel Cinematic Universe,150000000,432243292,132,7.5,10412,11.27,TRUE,375000000,1.152648779,Break Even,High Budget,COVID Era
436969,The Suicide Squad,7/28/2021,2021,7,"DC Films, Atlas Entertainment, The Safran Company, Warner Bros. Pictures","Action, Comedy, Adventure",Reboot,DC Extended Universe,185000000,168717425,132,7.5,9604,12.3,TRUE,462500000,0.364794432,Miss,High Budget,COVID Era
568124,Encanto,10/13/2021,2021,10,Walt Disney Animation Studios,"Animation, Comedy, Family, Fantasy",Original,None,150000000,261292688,102,7.57,10219,12.93,TRUE,375000000,0.696780501,Miss,High Budget,COVID Era
438631,Dune,9/15/2021,2021,9,Legendary Pictures,"Science Fiction, Adventure",Adaptation,Dune,165000000,410668500,155,7.78,14959,21.56,TRUE,412500000,0.99556,Miss,High Budget,COVID Era
580489,Venom: Let There Be Carnage,9/30/2021,2021,9,"Columbia Pictures, Pascal Pictures, Matt Tolmach Productions, Arad Productions","Science Fiction, Action, Adventure",Sequel,Sony's Spider-Man Universe,110000000,506863592,97,6.75,11191,7.78,TRUE,275000000,1.843140335,Major Hit,Standard Blockbuster,COVID Era
451048,Jungle Cruise,7/28/2021,2021,7,"Walt Disney Pictures, Seven Bucks Productions, Davis Entertainment, Flynn Picture Company","Fantasy, Comedy, Adventure",Adaptation,Jungle Cruise,200000000,220889446,127,7.29,6181,6.44,TRUE,500000000,0.441778892,Miss,High Budget,COVID Era
337404,Cruella,5/26/2021,2021,5,"Walt Disney Pictures, Gunn Films, Marc Platt Productions","Comedy, Crime, Drama",Adaptation,101 Dalmatians,200000000,233503234,134,7.97,10079,14.86,TRUE,500000000,0.467006468,Miss,High Budget,COVID Era
602666,Detective Chinatown 3,2/12/2021,2021,2,"Beijing Yitong Legend Films, China Film Co-Production, As One Production, Wanda Pictures","Action, Comedy, Mystery",Sequel,None,117000000,686257563,136,5.63,115,2.11,TRUE,292500000,2.346179703,Major Hit,Standard Blockbuster,COVID Era
476669,The King's Man,12/22/2021,2021,12,"Marv, Cloudy Productions, 20th Century Studios","Action, Adventure, Thriller",Prequel,Kingsman,100000000,125897478,131,6.71,5071,10.14,TRUE,250000000,0.503589912,Miss,Standard Blockbuster,COVID Era
617653,The Last Duel,10/13/2021,2021,10,"20th Century Studios, Pearl Street Films, Scott Free Productions","History, Drama, Action, Thriller",Adaptation,None,100000000,30552111,153,7.41,3863,4.78,TRUE,250000000,0.122208444,Miss,Standard Blockbuster,COVID Era
624860,The Matrix Resurrections,12/16/2021,2021,12,"Warner Bros. Pictures, Village Roadshow Pictures, Venus Castina Productions","Science Fiction, Action, Adventure",Sequel,The Matrix,190000000,156497322,148,6.33,6496,7.68,TRUE,475000000,0.329468046,Miss,High Budget,COVID Era
497698,Black Widow,7/7/2021,2021,7,Marvel Studios,"Action, Adventure, Science Fiction",Adaptation,Marvel Cinematic Universe,200000000,379751131,134,7.17,11267,11.91,TRUE,500000000,0.759502262,Miss,High Budget,COVID Era
370172,No Time to Die,9/29/2021,2021,9,"EON Productions, Metro-Goldwyn-Mayer","Action, Thriller, Adventure",Sequel,James Bond,250000000,774153024,163,7.3,7138,12.37,TRUE,625000000,1.238644838,Hit,Mega Budget,COVID Era
634649,Spider-Man: No Way Home,12/15/2021,2021,12,"Marvel Studios, Pascal Pictures, Columbia Pictures","Action, Adventure, Science Fiction",Sequel,Marvel Cinematic Universe,200000000,2019206586,148,7.9,22063,38.31,TRUE,500000000,4.038413172,Major Hit,High Budget,COVID Era
508943,Luca,6/17/2021,2021,6,Pixar,"Animation, Comedy, Drama, Family, Fantasy",Original,None,200000000,51074773,95,7.78,8963,10.9,TRUE,500000000,0.102149546,Miss,High Budget,COVID Era
379686,Space Jam: A New Legacy,7/8/2021,2021,7,"Warner Animation Group, Proximity Media, Warner Bros. Pictures, The SpringHill Company","Family, Comedy, Adventure, Animation, Science Fiction",Sequel,Space Jam,150000000,163692228,115,6.64,4231,5.08,TRUE,375000000,0.436512608,Miss,High Budget,COVID Era
511809,West Side Story,12/8/2021,2021,12,"20th Century Studios, Amblin Entertainment, TSG Entertainment","Drama, Romance, Crime",Remake,West Side Story,100000000,76016171,156,6.92,1783,3.84,TRUE,250000000,0.304064684,Miss,Standard Blockbuster,COVID Era
385128,F9,5/19/2021,2021,5,"Original Film, One Race, Perfect Storm Entertainment, Universal Pictures, Roth-Kirschenbaum Films","Action, Adventure, Crime",Sequel,Fast & Furious,200000000,726229501,143,7,7720,5.85,TRUE,500000000,1.452459002,Hit,High Budget,COVID Era
779029,The Battle at Lake Changjin,9/30/2021,2021,9,"Bona Film Group, Shanghai Film Group, DF Pictures, Alibaba Pictures Group, Distribution Workshop, Huaxia Film Distribution, Just Creative Studio, China Film Group Corporation","Drama, War",Adaptation,None,200000000,902540935,178,6.3,147,1.72,TRUE,500000000,1.80508187,Major Hit,High Budget,COVID Era
928123,The Battle at Lake Changjin II: Water Gate Bridge,2/1/2022,2022,2,"Bona Film Group, Distribution Workshop, Alibaba Pictures Group, Huaxia Film Distribution, Just Creative Studio, Mandrill Visual Effects, China Film Group Corporation","War, History, Action",Sequel,The Battle at Lake Changjin,200000000,626203271,149,6.3,96,1.7,TRUE,500000000,1.252406542,Hit,High Budget,Post-COVID
406759,Moonfall,2/2/2022,2022,2,"Centropolis Entertainment, Street Entertainment, Lionsgate, AGC Studios, Huayi Tencent Entertainment, Huayi Brothers International","Science Fiction, Adventure, Action",Original,None,146000000,67319703,131,6.25,3592,6.71,TRUE,365000000,0.184437542,Miss,Standard Blockbuster,Post-COVID
675353,Sonic the Hedgehog 2,3/30/2022,2022,3,"Original Film, Blur Studio, Marza Animation Planet, Paramount Pictures, SEGA, SEGA of America","Action, Adventure, Family, Comedy",Sequel,Sonic the Hedgehog,110000000,405421518,123,7.43,5882,9.99,TRUE,275000000,1.474260065,Hit,Standard Blockbuster,Post-COVID
414906,The Batman,3/1/2022,2022,3,"6th & Idaho Motion Picture Company, Dylan Clark Productions, DC Films, Warner Bros. Pictures","Crime, Mystery, Thriller",Reboot,Batman,185000000,772775278,177,7.66,11986,20.45,TRUE,462500000,1.670865466,Major Hit,High Budget,Post-COVID
436270,Black Adam,10/19/2022,2022,10,"New Line Cinema, Flynn Picture Company, DC Films, Seven Bucks Productions, Warner Bros. Pictures","Action, Adventure, Science Fiction",Adaptation,DC Extended Universe,200000000,393452111,125,6.8,7036,9.2,TRUE,500000000,0.786904222,Miss,High Budget,Post-COVID
453395,Doctor Strange in the Multiverse of Madness,5/4/2022,2022,5,"Marvel Studios, Kevin Feige Productions","Fantasy, Action, Adventure",Sequel,Marvel Cinematic Universe,290000000,955775804,126,7.23,10373,13.33,TRUE,725000000,1.318311454,Hit,Mega Budget,Post-COVID
718789,Lightyear,6/15/2022,2022,6,Pixar,"Animation, Science Fiction, Family, Adventure",Spin-off,Toy Story,200000000,226425420,105,6.87,3818,6.07,TRUE,500000000,0.45285084,Miss,High Budget,Post-COVID
335787,Uncharted,2/10/2022,2022,2,"Columbia Pictures, Atlas Entertainment, PlayStation Productions, Arad Productions","Action, Adventure, Mystery",Adaptation,Uncharted,120000000,407141258,116,6.89,6891,8.82,TRUE,300000000,1.357137527,Hit,Standard Blockbuster,Post-COVID
76600,Avatar: The Way of Water,12/14/2022,2022,12,"20th Century Studios, Lightstorm Entertainment, TSG Entertainment","Action, Adventure, Science Fiction",Sequel,Avatar,460000000,2334484620,192,7.6,14191,22.1,TRUE,1150000000,2.029986626,Major Hit,Mega Budget,Post-COVID
338953,Fantastic Beasts: The Secrets of Dumbledore,4/6/2022,2022,4,"Warner Bros. Pictures, Heyday Films","Fantasy, Adventure",Sequel,Wizarding World,200000000,407200000,142,6.63,5109,11.19,TRUE,500000000,0.8144,Miss,High Budget,Post-COVID
877269,Strange World,11/23/2022,2022,11,Walt Disney Animation Studios,"Animation, Family, Adventure, Fantasy, Science Fiction",Original,None,180000000,73621640,102,6.23,1425,3.56,TRUE,450000000,0.163603644,Miss,High Budget,Post-COVID
616037,Thor: Love and Thunder,7/6/2022,2022,7,"Marvel Studios, Kevin Feige Productions","Fantasy, Action, Comedy",Sequel,Marvel Cinematic Universe,250000000,760928081,119,6.37,8584,11.42,TRUE,625000000,1.21748493,Hit,Mega Budget,Post-COVID
361743,Top Gun: Maverick,5/21/2022,2022,5,"Skydance Media, Don Simpson/Jerry Bruckheimer Films, Paramount Pictures","Action, Drama",Sequel,Top Gun,170000000,1488732821,131,8.16,11036,25.38,TRUE,425000000,3.502900755,Major Hit,High Budget,Post-COVID
629176,Samaritan,8/25/2022,2022,8,"Metro-Goldwyn-Mayer, Balboa Productions","Science Fiction, Crime, Action",Adaptation,None,100000000,75000000,102,6.65,2205,4.7,TRUE,250000000,0.3,Miss,Standard Blockbuster,Post-COVID
505642,Black Panther: Wakanda Forever,11/9/2022,2022,11,Marvel Studios,"Action, Adventure, Science Fiction",Sequel,Marvel Cinematic Universe,250000000,859102154,162,7.01,7486,13.4,TRUE,625000000,1.374563446,Hit,Mega Budget,Post-COVID
507086,Jurassic World Dominion,6/1/2022,2022,6,"Amblin Entertainment, Universal Pictures","Adventure, Science Fiction, Thriller",Sequel,Jurassic Park,465000000,1004004592,147,6.6,7072,12.18,TRUE,1162500000,0.863659864,Miss,Mega Budget,Post-COVID
508947,Turning Red,3/10/2022,2022,3,Pixar,"Animation, Family, Comedy, Fantasy",Original,None,175000000,21813358,100,7.34,5878,12.23,TRUE,437500000,0.049859104,Miss,High Budget,Post-COVID
787699,Wonka,12/6/2023,2023,12,"Warner Bros. Pictures, Village Roadshow Pictures, The Roald Dahl Story Company, Heyday Films, Domain Entertainment","Comedy, Family, Fantasy",Prequel,Willy Wonka,125000000,634502312,117,7.04,4399,8.16,TRUE,312500000,2.030407398,Major Hit,Standard Blockbuster,Post-COVID
667538,Transformers: Rise of the Beasts,6/6/2023,2023,6,"Skydance Media, Paramount Pictures, di Bonaventura Pictures, Bay Films, New Republic Pictures, DeSanto/Murphy Productions, Hasbro","Science Fiction, Adventure, Action",Sequel,Transformers,195000000,441381193,127,7.2,5289,12.49,TRUE,487500000,0.905397319,Miss,High Budget,Post-COVID
298618,The Flash,6/13/2023,2023,6,"Warner Bros. Pictures, Double Dream, The Disco Factory, DC Films","Action, Science Fiction, Adventure",Adaptation,DC Extended Universe,220000000,271333313,144,6.62,5009,11.83,TRUE,550000000,0.493333296,Miss,High Budget,Post-COVID
299054,Expend4bles,9/15/2023,2023,9,"Millennium Media, Campbell Grobman Films, Lionsgate, Nu Boyana Film Studios, Templeton Media, Davis Films, Media Capital Technologies","Action, Adventure, Thriller",Sequel,The Expendables,100000000,37917985,103,6.06,1895,10.05,TRUE,250000000,0.15167194,Miss,Standard Blockbuster,Post-COVID
695721,The Hunger Games: The Ballad of Songbirds & Snakes,11/15/2023,2023,11,"Lionsgate, Color Force, about:blank, Studio Babelsberg","Science Fiction, Action",Prequel,The Hunger Games,100000000,337371917,157,6.98,3514,7.31,TRUE,250000000,1.349487668,Hit,Standard Blockbuster,Post-COVID
565770,Blue Beetle,8/16/2023,2023,8,"Warner Bros. Pictures, The Safran Company, DC Films","Action, Science Fiction, Adventure",Adaptation,DC Extended Universe,104000000,130788072,128,6.63,3121,5.99,TRUE,260000000,0.503031046,Miss,Standard Blockbuster,Post-COVID
569094,Spider-Man: Across the Spider-Verse,5/31/2023,2023,5,"Columbia Pictures, Sony Pictures Animation, Lord Miller, Pascal Pictures, Arad Productions, Marvel Entertainment","Animation, Action, Adventure, Science Fiction",Sequel,Spider-Verse,100000000,690897910,140,8.3,8669,25.15,TRUE,250000000,2.76359164,Major Hit,Standard Blockbuster,Post-COVID
572802,Aquaman and the Lost Kingdom,12/20/2023,2023,12,"Warner Bros. Pictures, The Safran Company, Atomic Monster, DC Films, Domain Entertainment","Action, Adventure, Fantasy",Sequel,DC Extended Universe,205000000,440181226,124,6.52,3503,15.47,TRUE,512500000,0.858890197,Miss,High Budget,Post-COVID
575264,Mission: Impossible - Dead Reckoning Part One,7/8/2023,2023,7,"Paramount Pictures, Skydance Media, TC Productions","Action, Adventure, Thriller",Sequel,Mission: Impossible,220000000,571125435,164,7.51,5144,9.4,TRUE,550000000,1.038409882,Break Even,High Budget,Post-COVID
447277,The Little Mermaid,5/18/2023,2023,5,"Walt Disney Pictures, Lucamar Productions, Marc Platt Productions","Adventure, Family, Fantasy, Romance",Remake,The Little Mermaid,297000000,569626289,135,6.27,3329,9.68,TRUE,742500000,0.767173453,Miss,Mega Budget,Post-COVID
447365,Guardians of the Galaxy Vol. 3,5/3/2023,2023,5,"Marvel Studios, Kevin Feige Productions","Science Fiction, Adventure, Action",Sequel,Marvel Cinematic Universe,250000000,845550000,150,7.93,8372,14.3,TRUE,625000000,1.35288,Hit,Mega Budget,Post-COVID
976573,Elemental,6/14/2023,2023,6,Pixar,"Animation, Comedy, Family, Fantasy, Romance",Original,None,200000000,496444308,102,7.58,5309,14.44,TRUE,500000000,0.992888616,Miss,High Budget,Post-COVID
594767,Shazam! Fury of the Gods,3/15/2023,2023,3,"The Safran Company, New Line Cinema, DC Films","Comedy, Action, Fantasy",Sequel,DC Extended Universe,110000000,134221819,130,6.42,3647,5.42,TRUE,275000000,0.488079342,Miss,Standard Blockbuster,Post-COVID
466420,Killers of the Flower Moon,10/18/2023,2023,10,"Apple Studios, Imperative Entertainment, Sikelia Productions, Appian Way","Crime, History, Drama",Adaptation,None,200000000,158722599,206,7.4,4145,6.98,TRUE,500000000,0.317445198,Miss,High Budget,Post-COVID
335977,Indiana Jones and the Dial of Destiny,6/25/2023,2023,6,Lucasfilm Ltd.,"Adventure, Action",Sequel,Indiana Jones,294700000,383963057,155,6.51,4171,8.73,TRUE,736750000,0.521157865,Miss,Mega Budget,Post-COVID
603692,John Wick: Chapter 4,3/21/2023,2023,3,"Thunder Road, 87Eleven, Studio Babelsberg, Lionsgate","Action, Thriller, Crime",Sequel,John Wick,100000000,447316405,170,7.7,7972,19.66,TRUE,250000000,1.78926562,Major Hit,Standard Blockbuster,Post-COVID
346698,Barbie,7/19/2023,2023,7,"LuckyChap Entertainment, Heyday Films, NB/GG Pictures, Mattel, Warner Bros. Pictures","Comedy, Adventure, Fantasy",Adaptation,Barbie,145000000,1447138421,114,6.92,11147,18.74,TRUE,362500000,3.992105989,Major Hit,Standard Blockbuster,Post-COVID
609681,The Marvels,11/8/2023,2023,11,"Marvel Studios, Kevin Feige Productions","Science Fiction, Adventure, Action",Sequel,Marvel Cinematic Universe,274800000,206136825,105,5.94,3409,6.63,TRUE,687000000,0.300053603,Miss,Mega Budget,Post-COVID
872585,Oppenheimer,7/19/2023,2023,7,"Syncopy, Universal Pictures, Atlas Entertainment, Breakheart Films, Peters Creek Entertainment","Drama, History",Adaptation,None,100000000,952000000,181,8.03,11854,21.45,TRUE,250000000,3.808,Major Hit,Standard Blockbuster,Post-COVID
615656,Meg 2: The Trench,8/2/2023,2023,8,"Apelles Entertainment, Warner Bros. Pictures, di Bonaventura Pictures, CMC Pictures, Onaroll Productions, DF Pictures","Action, Science Fiction, Horror",Sequel,The Meg,129000000,398500317,116,6.38,3992,14.09,TRUE,322500000,1.235659898,Hit,Standard Blockbuster,Post-COVID
616747,Haunted Mansion,7/26/2023,2023,7,"Walt Disney Pictures, Rideback","Comedy, Drama, Fantasy",Remake,Haunted Mansion,157800000,117449790,123,6.43,1238,3.66,TRUE,394500000,0.297718099,Miss,High Budget,Post-COVID
753342,Napoleon,11/22/2023,2023,11,"Apple Studios, Scott Free Productions","History, War, Romance",Adaptation,None,165000000,222435664,158,6.31,3106,6.49,TRUE,412500000,0.539237973,Miss,High Budget,Post-COVID
493529,Dungeons & Dragons: Honor Among Thieves,3/23/2023,2023,3,"Entertainment One, Paramount Pictures","Adventure, Fantasy, Comedy",Adaptation,Dungeons & Dragons,151000000,208200000,134,7.35,4664,10.53,TRUE,377500000,0.551523179,Miss,High Budget,Post-COVID
1022796,Wish,11/13/2023,2023,11,Walt Disney Animation Studios,"Animation, Family, Fantasy, Adventure",Original,None,175000000,254997360,95,6.22,1783,6.79,TRUE,437500000,0.582851109,Miss,High Budget,Post-COVID
502356,The Super Mario Bros. Movie,4/5/2023,2023,4,"Universal Pictures, Illumination, Nintendo","Family, Comedy, Adventure, Fantasy, Animation",Adaptation,Super Mario,100000000,1360879735,93,7.6,10799,26.42,TRUE,250000000,5.44351894,Major Hit,Standard Blockbuster,Post-COVID
640146,Ant-Man and the Wasp: Quantumania,2/15/2023,2023,2,"Marvel Studios, Kevin Feige Productions","Action, Adventure, Science Fiction",Sequel,Marvel Cinematic Universe,326600000,476071180,125,6.23,5856,7.83,TRUE,816500000,0.583063295,Miss,Mega Budget,Post-COVID
385687,Fast X,5/17/2023,2023,5,"Universal Pictures, Original Film, One Race, Perfect Storm Entertainment","Action, Crime, Thriller",Sequel,Fast & Furious,340000000,704709660,142,7,6339,15.77,TRUE,850000000,0.829070188,Miss,Mega Budget,Post-COVID
786892,Furiosa: A Mad Max Saga,5/22/2024,2024,5,"Warner Bros. Pictures, Kennedy Miller Mitchell, Domain Entertainment","Action, Science Fiction, Adventure",Prequel,Mad Max,168000000,174287546,149,7.46,4903,12.36,TRUE,420000000,0.414970348,Miss,High Budget,Post-COVID
402431,Wicked,10/16/2024,2024,10,"Universal Pictures, Marc Platt Productions","Drama, Romance, Fantasy",Adaptation,Wicked,150000000,758827029,162,6.91,3055,15.8,TRUE,375000000,2.023538744,Major Hit,High Budget,Post-COVID
533535,Deadpool & Wolverine,7/24/2024,2024,7,"Marvel Studios, Maximum Effort, 21 Laps Entertainment, 20th Century Studios, Kevin Feige Productions, TSG Entertainment","Action, Comedy, Science Fiction",Sequel,Marvel Cinematic Universe,200000000,1338073645,128,7.57,8761,36.2,TRUE,500000000,2.67614729,Major Hit,High Budget,Post-COVID
799766,Better Man,12/6/2024,2024,12,"RocketScience, Facing East Entertainment, Sina Studios, Lost Bandits, Footloose Productions, VicScreen, RPW Productions, Azure Centrum, Partizan Films, Mid March Media","Music, Drama",Adaptation,None,110000000,22549151,135,7.63,858,4.34,TRUE,275000000,0.081996913,Miss,Standard Blockbuster,Post-COVID
539972,Kraven the Hunter,12/11/2024,2024,12,"Columbia Pictures, Matt Tolmach Productions, Arad Productions, TSG Entertainment II","Action, Adventure, Thriller",Adaptation,Sony's Spider-Man Universe,130000000,62076533,127,6.44,2357,13.54,TRUE,325000000,0.191004717,Miss,Standard Blockbuster,Post-COVID
939243,Sonic the Hedgehog 3,12/19/2024,2024,12,"Paramount Pictures, Original Film, Marza Animation Planet, SEGA, Blur Studio, SEGA of America","Action, Science Fiction, Comedy, Family",Sequel,Sonic the Hedgehog,122000000,492162604,110,7.62,3305,23.94,TRUE,305000000,1.613647882,Major Hit,Standard Blockbuster,Post-COVID
558449,Gladiator II,11/13/2024,2024,11,"Paramount Pictures, Scott Free Productions, Lucy Fisher/Douglas Wick Productions","Action, Adventure, Drama",Sequel,Gladiator,310000000,462180717,148,6.61,4473,10.82,TRUE,775000000,0.596362215,Miss,Mega Budget,Post-COVID
823464,Godzilla x Kong: The New Empire,3/27/2024,2024,3,Legendary Pictures,"Action, Adventure, Science Fiction",Sequel,MonsterVerse,150000000,571750016,115,7,4691,15.86,TRUE,375000000,1.524666709,Hit,High Budget,Post-COVID
693134,Dune: Part Two,2/27/2024,2024,2,Legendary Pictures,"Science Fiction, Adventure",Sequel,Dune,190000000,714844358,167,8.13,8033,19.92,TRUE,475000000,1.504935491,Hit,High Budget,Post-COVID
956842,Fly Me to the Moon,7/10/2024,2024,7,"These Pictures, Berlanti Productions, Apple Studios","Romance, Comedy",Original,None,100000000,42260534,132,6.81,1161,2.88,TRUE,250000000,0.169042136,Miss,Standard Blockbuster,Post-COVID
573435,Bad Boys: Ride or Die,6/5/2024,2024,6,"Westbrook, Columbia Pictures, Don Simpson/Jerry Bruckheimer Films, 2.0 Entertainment","Action, Comedy, Crime",Sequel,Bad Boys,100000000,404547819,116,7.32,3341,10.66,TRUE,250000000,1.618191276,Major Hit,Standard Blockbuster,Post-COVID
1229349,Yolo,2/10/2024,2024,2,"Alibaba Pictures Group, Beijing Big Bowl Entertainment Culture Media, New Classics Media, Tencent Penguin Pictures, China Film Group Corporation","Drama, Comedy, Action",Original,None,100000000,433606094,129,6.78,115,2.53,TRUE,250000000,1.734424376,Major Hit,Standard Blockbuster,Post-COVID
967847,Ghostbusters: Frozen Empire,3/20/2024,2024,3,"Ghost Corps, Columbia Pictures","Fantasy, Adventure, Comedy",Sequel,Ghostbusters,100000000,201967521,115,6.46,2175,5.37,TRUE,250000000,0.807870084,Miss,Standard Blockbuster,Post-COVID
845781,Red One,10/31/2024,2024,10,"Seven Bucks Productions, The Detective Agency, Chris Morgan Productions, Amazon MGM Studios","Action, Comedy, Fantasy",Original,None,250000000,185700759,124,6.99,3048,8.39,TRUE,625000000,0.297121214,Miss,Mega Budget,Post-COVID
848538,Argylle,1/31/2024,2024,1,"Marv, Apple Studios, Cloudy Productions","Action, Adventure, Comedy",Adaptation,None,200000000,96221061,139,5.98,1749,5.05,TRUE,500000000,0.192442122,Miss,High Budget,Post-COVID
1241982,Moana 2,11/21/2024,2024,11,"Walt Disney Animation Studios, Walt Disney Animation Studios","Adventure, Animation, Comedy, Family, Fantasy",Sequel,Moana,150000000,1059242164,100,7.01,3095,24.63,TRUE,375000000,2.824645771,Major Hit,High Budget,Post-COVID
718821,Twisters,7/10/2024,2024,7,"Universal Pictures, Warner Bros. Pictures, Amblin Entertainment, Domain Entertainment","Action, Thriller",Sequel,Twister,155000000,372262265,123,6.77,3001,6.89,TRUE,387500000,0.960676813,Miss,High Budget,Post-COVID
592831,Megalopolis,9/25/2024,2024,9,"American Zoetrope, Caesar Film","Science Fiction, Drama, Fantasy",Original,None,120000000,14387154,138,5.19,1001,3.48,TRUE,300000000,0.04795718,Miss,Standard Blockbuster,Post-COVID
746036,The Fall Guy,4/24/2024,2024,4,"87North Productions, Entertainment 360, Universal Pictures, Australian Government","Action, Comedy, Romance",Adaptation,The Fall Guy,125000000,181073291,127,7,3784,8.37,TRUE,312500000,0.579434531,Miss,Standard Blockbuster,Post-COVID
365177,Borderlands,8/7/2024,2024,8,"Lionsgate, Arad Productions, Picturestart, Gearbox Studios, 2K, Hercules Film Fund","Action, Science Fiction, Comedy",Adaptation,Borderlands,115000000,33017367,101,5.59,1499,6.09,TRUE,287500000,0.114843016,Miss,Standard Blockbuster,Post-COVID
889737,Joker: Folie à Deux,10/1/2024,2024,10,"Warner Bros. Pictures, Joint Effort, Domain Entertainment","Drama, Crime, Thriller",Sequel,Joker,190000000,207500287,138,5.4,2936,7.51,TRUE,475000000,0.436842709,Miss,High Budget,Post-COVID
1022789,Inside Out 2,6/11/2024,2024,6,Pixar,"Animation, Adventure, Comedy, Family",Sequel,Inside Out,200000000,1698863816,97,7.55,6712,27.61,TRUE,500000000,3.397727632,Major Hit,High Budget,Post-COVID
762509,Mufasa: The Lion King,12/18/2024,2024,12,Walt Disney Pictures,"Adventure, Family, Animation",Prequel,The Lion King,200000000,722631756,118,7.31,2673,16.16,TRUE,500000000,1.445263512,Hit,High Budget,Post-COVID
639720,IF,5/8/2024,2024,5,"Paramount Pictures, Sunday Night Productions, Maximum Effort","Comedy, Fantasy, Family",Original,None,110000000,190309707,104,6.96,1616,6.64,TRUE,275000000,0.692035298,Miss,Standard Blockbuster,Post-COVID
519182,Despicable Me 4,6/20/2024,2024,6,"Universal Pictures, Illumination","Action, Animation, Comedy, Family, Science Fiction",Sequel,Despicable Me,100000000,972021410,94,6.99,3217,25.52,TRUE,250000000,3.88808564,Major Hit,Standard Blockbuster,Post-COVID
912649,Venom: The Last Dance,10/22/2024,2024,10,"Columbia Pictures, Pascal Pictures, Matt Tolmach Productions, Hutch Parker Entertainment, Arad Productions","Science Fiction, Action, Adventure",Sequel,Sony's Spider-Man Universe,120000000,478937618,109,6.67,4256,19,TRUE,300000000,1.596458727,Hit,Standard Blockbuster,Post-COVID
653346,Kingdom of the Planet of the Apes,5/8/2024,2024,5,"20th Century Studios, Oddball Entertainment, Jason T. Reed Productions","Science Fiction, Adventure, Action",Sequel,Planet of the Apes,160000000,397378150,145,7.05,4268,11.28,TRUE,400000000,0.993445375,Miss,High Budget,Post-COVID
1709464,The Wizard of Oz at Sphere,8/28/2025,2025,8,,"Adventure, Family, Fantasy",Adaptation,None,100000000,300000000,75,0,0,0.37,TRUE,250000000,1.2,Hit,Standard Blockbuster,Post-COVID
1054867,One Battle After Another,9/23/2025,2025,9,"Warner Bros. Pictures, Ghoulardi Film Company, Domain Entertainment","Thriller, Crime, Comedy",Original,None,175000000,209377100,162,7.35,3785,15.96,TRUE,437500000,0.478576229,Miss,High Budget,Post-COVID
533533,TRON: Ares,10/8/2025,2025,10,"Walt Disney Pictures, Sean Bailey Productions","Science Fiction, Adventure, Action",Sequel,TRON,220000000,142249983,119,6.5,1433,17.28,TRUE,550000000,0.258636333,Miss,High Budget,Post-COVID
798645,The Running Man,11/11/2025,2025,11,"Paramount Pictures, Complete Fiction, Genre Films, Domain Entertainment","Action, Thriller, Science Fiction",Adaptation,The Running Man,110000000,69000000,133,6.79,1635,18.52,TRUE,275000000,0.250909091,Miss,Standard Blockbuster,Post-COVID
1061474,Superman,7/9/2025,2025,7,"Troll Court Entertainment, The Safran Company, DC Studios, Domain Entertainment","Science Fiction, Adventure, Action",Adaptation,DC Universe,225000000,618723803,130,7.34,4866,27.99,TRUE,562500000,1.099953428,Break Even,High Budget,Post-COVID
803796,KPop Demon Hunters,6/20/2025,2025,6,Sony Pictures Animation,"Fantasy, Music, Comedy, Animation",Original,None,100000000,24619953,96,8.02,2882,38.27,TRUE,250000000,0.098479812,Miss,Standard Blockbuster,Post-COVID
552524,Lilo & Stitch,5/17/2025,2025,5,"Walt Disney Pictures, Rideback","Family, Science Fiction, Comedy",Remake,Lilo & Stitch,100000000,1038027526,108,7.21,2176,15.67,TRUE,250000000,4.152110104,Major Hit,Standard Blockbuster,Post-COVID
950387,A Minecraft Movie,3/31/2025,2025,3,"Warner Bros. Pictures, Legendary Pictures, Mojang Studios, Vertigo Entertainment, On the Roam, Domain Entertainment","Family, Fantasy, Comedy, Adventure",Adaptation,Minecraft,150000000,960387780,101,6.26,3030,22.13,TRUE,375000000,2.56103408,Major Hit,High Budget,Post-COVID
1084242,Zootopia 2,11/26/2025,2025,11,"Walt Disney Animation Studios, Walt Disney Animation Studios","Animation, Adventure, Comedy, Mystery, Family",Sequel,Zootopia,150000000,1868208796,108,7.67,2947,73.41,TRUE,375000000,4.981890123,Major Hit,High Budget,Post-COVID
822119,Captain America: Brave New World,2/12/2025,2025,2,"Marvel Studios, Kevin Feige Productions","Action, Thriller, Science Fiction",Sequel,Marvel Cinematic Universe,180000000,415101577,119,5.97,3114,15.1,TRUE,450000000,0.922447949,Miss,High Budget,Post-COVID
1087192,How to Train Your Dragon,6/6/2025,2025,6,"DreamWorks Animation, Marc Platt Productions","Fantasy, Family, Action, Adventure",Remake,How to Train Your Dragon,150000000,636351148,125,7.93,2867,21.49,TRUE,375000000,1.696936395,Major Hit,High Budget,Post-COVID
696506,Mickey 17,2/28/2025,2025,2,"Plan B Entertainment, Offscreen, Kate Street Picture Company, Domain Entertainment, Warner Bros. Pictures","Science Fiction, Comedy, Adventure",Adaptation,Mickey7,118000000,133542263,137,6.84,3603,10.69,TRUE,295000000,0.452685637,Miss,Standard Blockbuster,Post-COVID
967941,Wicked: For Good,11/19/2025,2025,11,"Universal Pictures, Marc Platt Productions","Fantasy, Adventure, Romance",Sequel,Wicked,150000000,539042601,137,6.63,1023,8.34,TRUE,375000000,1.437446936,Hit,High Budget,Post-COVID
575265,Mission: Impossible - The Final Reckoning,5/17/2025,2025,5,"Paramount Pictures, Skydance Media, TC Productions","Action, Thriller, Adventure",Sequel,Mission: Impossible,400000000,598767057,170,7.2,2860,24.56,TRUE,1000000000,0.598767057,Miss,Mega Budget,Post-COVID
1233413,Sinners,4/16/2025,2025,4,"Warner Bros. Pictures, Proximity Media, Domain Entertainment","Horror, Action, Thriller",Adaptation,None,100000000,370000000,138,7.5,4633,28.81,TRUE,250000000,1.48,Hit,Standard Blockbuster,Post-COVID
447273,Snow White,3/19/2025,2025,3,"Walt Disney Pictures, Marc Platt Productions","Family, Fantasy",Remake,Snow White,271600000,205679463,109,4.32,1646,16.52,TRUE,679000000,0.302915262,Miss,Mega Budget,Post-COVID
1234821,Jurassic World Rebirth,6/23/2025,2025,6,"Universal Pictures, Amblin Entertainment","Science Fiction, Adventure, Action",Sequel,Jurassic Park,180000000,869146189,134,6.27,3416,34.22,TRUE,450000000,1.931435976,Major Hit,High Budget,Post-COVID
1242898,Predator: Badlands,11/5/2025,2025,11,"20th Century Studios, Lawrence Gordon Productions, Davis Entertainment, Toberoff Productions, TSG Entertainment","Action, Science Fiction, Adventure",Sequel,Predator,105000000,184500000,107,7.79,3093,56.03,TRUE,262500000,0.702857143,Miss,Standard Blockbuster,Post-COVID
986056,Thunderbolts*,4/30/2025,2025,4,"Marvel Studios, Kevin Feige Productions","Action, Science Fiction, Adventure",Adaptation,Marvel Cinematic Universe,180000000,382436917,127,7.29,3573,13.88,TRUE,450000000,0.849859816,Miss,High Budget,Post-COVID
83533,Avatar: Fire and Ash,12/17/2025,2025,12,"20th Century Studios, Lightstorm Entertainment, TSG Entertainment","Science Fiction, Adventure, Fantasy",Sequel,Avatar,350000000,1490477656,198,7.6,3460,113.87,TRUE,875000000,1.703403035,Major Hit,Mega Budget,Post-COVID
617126,The Fantastic 4: First Steps,7/23/2025,2025,7,"Marvel Studios, Kevin Feige Productions","Science Fiction, Adventure, Action",Adaptation,Marvel Cinematic Universe,229600000,521858728,115,6.96,3399,18.94,TRUE,574000000,0.909161547,Miss,High Budget,Post-COVID
1022787,Elio,6/18/2025,2025,6,Pixar,"Adventure, Animation, Comedy, Family, Science Fiction",Original,None,150000000,154291182,98,6.91,1002,12.09,TRUE,375000000,0.411443152,Miss,High Budget,Post-COVID
1155281,Creation of the Gods II: Demon Force,1/29/2025,2025,1,"上海摩天之眼文化传媒有限公司, Beijing Culture 北京京西文化, Century Changshengtian Film, Alibaba Pictures Group, Huaxia Film Distribution, 东阳浦天影视文化有限公司","Action, Fantasy, War",Sequel,Creation of the Gods,120000000,172619925,145,6.5,134,5.36,TRUE,300000000,0.57539975,Miss,Standard Blockbuster,Post-COVID
911430,F1,6/25/2025,2025,6,"Plan B Entertainment, Jerry Bruckheimer Films, Dawn Apollo Films, Apple Studios, Monolith Pictures","Action, Drama",Adaptation,None,300000000,634142436,156,7.8,4070,34.09,TRUE,750000000,0.845523248,Miss,Mega Budget,Post-COVID
